{
  "run": "var/receipts/phase7a/text2nkg_fullrun/20250903-172808",
  "strict": {
    "dev": {
      "tp": 2068,
      "pred_total": 16681,
      "gold_total": 3509,
      "precision": 0.12397338289071398,
      "recall": 0.5893416927899686,
      "f1": 0.20485388806339772
    },
    "test": {
      "tp": 2008,
      "pred_total": 16140,
      "gold_total": 3502,
      "precision": 0.12441140024783147,
      "recall": 0.5733866362078812,
      "f1": 0.20445983097444254
    }
  },
  "unlabeled_boundary": {
    "dev": {
      "tp": 2068,
      "pred_total": 16681,
      "gold_total": 3509,
      "precision": 0.12397338289071398,
      "recall": 0.5893416927899686,
      "f1": 0.20485388806339772
    },
    "test": {
      "tp": 2008,
      "pred_total": 16140,
      "gold_total": 3502,
      "precision": 0.12441140024783147,
      "recall": 0.5733866362078812,
      "f1": 0.20445983097444254
    }
  },
  "unlabeled_text_multiset": {
    "dev": {
      "tp": 2068,
      "pred_total": 16681,
      "gold_total": 3509,
      "precision": 0.12397338289071398,
      "recall": 0.5893416927899686,
      "f1": 0.20485388806339772
    },
    "test": {
      "tp": 2008,
      "pred_total": 16140,
      "gold_total": 3502,
      "precision": 0.12441140024783147,
      "recall": 0.5733866362078812,
      "f1": 0.20445983097444254
    }
  }
}