{
  "count": 2,
  "reports": {
    "a.txt": {
      "parser": "text",
      "bias": {
        "cbdt": {
          "score": 0.0,
          "notes": "stub"
        }
      }
    },
    "nested/b.txt": {
      "parser": "text",
      "bias": {
        "cbdt": {
          "score": 0.0,
          "notes": "stub"
        }
      }
    }
  },
  "perf": {
    "parse_ms": {
      "p50": 0.003206514520570636,
      "p95": 0.0037838442949578166,
      "max": 0.0038479920476675034,
      "avg": 0.003206514520570636,
      "n": 2
    },
    "process_ms": {
      "p50": 0.0005509937182068825,
      "p95": 0.0006409944035112858,
      "max": 0.0006509944796562195,
      "avg": 0.0005509937182068825,
      "n": 2
    }
  },
  "obs": {
    "parser_counts": {
      "text": 2
    }
  }
}
