{
  "iterations": 5000,
  "percentiles_ns": {
    "p50": 2615.0,
    "p95": 4389.0,
    "p99": 4910.0
  },
  "quality": {
    "score": 0.7999999999999999,
    "principles": 2.0,
    "path_bonus": 0.1
  },
  "ts": 1757023463.7149334
}