{
  "task": "scierc_ner_entities",
  "split": "test",
  "micro": {
    "tp": 107,
    "fp": 192,
    "fn": 291,
    "P": 0.35785953177257523,
    "R": 0.26884422110552764,
    "F1": 0.30703012912482064
  }
}
