{
  "count": 2,
  "reports": {
    "a.txt": {
      "parser": "noop",
      "bias": {
        "cbdt": {
          "score": 0.0,
          "notes": "stub"
        }
      }
    },
    "nested/b.txt": {
      "parser": "noop",
      "bias": {
        "cbdt": {
          "score": 0.0,
          "notes": "stub"
        }
      }
    }
  },
  "perf": {
    "parse_ms": {
      "p50": 0.0004859757609665394,
      "p95": 0.000616471515968442,
      "max": 0.0006309710443019867,
      "avg": 0.0004859757609665394,
      "n": 2
    },
    "process_ms": {
      "p50": 0.0005960173439234495,
      "p95": 0.0008174305548891425,
      "max": 0.0008420320227742195,
      "avg": 0.0005960173439234495,
      "n": 2
    }
  },
  "obs": {
    "parser_counts": {
      "noop": 2
    }
  }
}
