{
  "count": 2,
  "reports": {
    "a.txt": {
      "parser": "text",
      "bias": {
        "cbdt": {
          "score": 0.0,
          "notes": "stub"
        }
      }
    },
    "b.txt": {
      "parser": "text",
      "bias": {
        "cbdt": {
          "score": 0.0,
          "notes": "stub"
        }
      }
    }
  },
  "perf": {
    "parse_ms": {
      "p50": 0.004357978468760848,
      "p95": 0.005205781781114638,
      "max": 0.005299982149153948,
      "avg": 0.004357978468760848,
      "n": 2
    },
    "process_ms": {
      "p50": 0.0013075186870992184,
      "p95": 0.0019973493181169033,
      "max": 0.002073997166007757,
      "avg": 0.0013075186870992184,
      "n": 2
    }
  },
  "obs": {
    "parser_counts": {
      "text": 2
    }
  }
}
