{
  "count": 2,
  "reports": {
    "a.txt": {
      "parser": "text",
      "bias": {
        "cbdt": {
          "score": 0.0,
          "notes": "stub"
        }
      }
    },
    "nested/b.txt": {
      "parser": "text",
      "bias": {
        "cbdt": {
          "score": 0.0,
          "notes": "stub"
        }
      }
    }
  },
  "perf": {
    "parse_ms": {
      "p50": 0.003226508852094412,
      "p95": 0.0039028760511428118,
      "max": 0.0039780279621481895,
      "avg": 0.003226508852094412,
      "n": 2
    },
    "process_ms": {
      "p50": 0.00052098766900599,
      "p95": 0.000619972706772387,
      "max": 0.0006309710443019867,
      "avg": 0.00052098766900599,
      "n": 2
    }
  },
  "obs": {
    "parser_counts": {
      "text": 2
    }
  }
}
