{
  "count": 2,
  "reports": {
    "a.txt": {
      "parser": "text",
      "bias": {
        "cbdt": {
          "score": 0.0,
          "notes": "stub"
        }
      }
    },
    "b.txt": {
      "parser": "text",
      "bias": {
        "cbdt": {
          "score": 0.0,
          "notes": "stub"
        }
      }
    }
  },
  "perf": {
    "parse_ms": {
      "p50": 0.003301480319350958,
      "p95": 0.003820320125669241,
      "max": 0.003877968993037939,
      "avg": 0.003301480319350958,
      "n": 2
    },
    "process_ms": {
      "p50": 0.0009915092960000038,
      "p95": 0.001486984547227621,
      "max": 0.0015420373529195786,
      "avg": 0.0009915092960000038,
      "n": 2
    }
  },
  "obs": {
    "parser_counts": {
      "text": 2
    }
  }
}
