{
  "count": 2,
  "reports": {
    "a.txt": {
      "parser": "text",
      "bias": {
        "cbdt": {
          "score": 0.0,
          "notes": "stub"
        }
      }
    },
    "b.txt": {
      "parser": "text",
      "bias": {
        "cbdt": {
          "score": 0.0,
          "notes": "stub"
        }
      }
    }
  },
  "perf": {
    "parse_ms": {
      "p50": 0.003035995177924633,
      "p95": 0.0035859004128724337,
      "max": 0.0036470009945333004,
      "avg": 0.003035995177924633,
      "n": 2
    },
    "process_ms": {
      "p50": 0.001021981006488204,
      "p95": 0.0015718600479885936,
      "max": 0.0016329577192664146,
      "avg": 0.001021981006488204,
      "n": 2
    }
  },
  "obs": {
    "parser_counts": {
      "text": 2
    }
  }
}
