{
  "task": "biored_ner_stringmatch",
  "split": "dev",
  "micro": {
    "tp": 149,
    "fp": 2039,
    "fn": 850,
    "P": 0.06809872029250456,
    "R": 0.14914914914914915,
    "F1": 0.09350486350800126
  },
  "docs_scored": 64
}