{
  "samples": 10000,
  "metrics_ms": {
    "p50": 0.0014620018191635609,
    "p95": 0.002294022124260664,
    "p99": 0.003275985363870859,
    "avg": 0.0016180720762349666,
    "total_ms": 18.504759995266795
  }
}
