{
  "count": 2,
  "reports": {
    "a.txt": {
      "parser": "text",
      "bias": {
        "counts": {},
        "hits": []
      }
    },
    "nested/b.txt": {
      "parser": "text",
      "bias": {
        "counts": {},
        "hits": []
      }
    }
  },
  "perf": {
    "parse_ms": {
      "p50": 0.0036574783734977245,
      "p95": 0.004856719169765711,
      "max": 0.00498996814712882,
      "avg": 0.0036574783734977245,
      "n": 2
    },
    "process_ms": {
      "p50": 0.0075740390457212925,
      "p95": 0.008845730917528272,
      "max": 0.008987030014395714,
      "avg": 0.0075740390457212925,
      "n": 2
    }
  },
  "obs": {
    "parser_counts": {
      "text": 2
    },
    "cbdt_runs": 0,
    "cbdt_findings_total": 0
  }
}
