{
  "count": 1,
  "reports": {
    "doc-3": {
      "parser": "text",
      "bias": {
        "counts": {
          "hedging": 1
        },
        "hits": [
          [
            "hedging",
            "might"
          ]
        ]
      },
      "cbdt": {
        "error": "RuntimeError"
      }
    }
  },
  "perf": {
    "parse_ms": {
      "p50": 0.002896005753427744,
      "p95": 0.002896005753427744,
      "max": 0.002896005753427744,
      "avg": 0.002896005753427744,
      "n": 1
    },
    "process_ms": {
      "p50": 0.009596988093107939,
      "p95": 0.009596988093107939,
      "max": 0.009596988093107939,
      "avg": 0.009596988093107939,
      "n": 1
    }
  },
  "obs": {
    "parser_counts": {
      "text": 1
    },
    "cbdt_runs": 0,
    "cbdt_findings_total": 0
  }
}
