{
  "samples": 2000,
  "p50_ms": 0.0032659736461937428,
  "p95_ms": 0.005130964564159512,
  "max_ms": 0.03681896487250924,
  "avg_ms": 0.0034976694732904434,
  "target_p95_ms": 1.0
}
