{
  "count": 1,
  "reports": {
    "r1": {
      "parser": "text",
      "bias": {
        "counts": {
          "loaded_language": 2,
          "appeal_to_authority": 1
        },
        "hits": [
          [
            "loaded_language",
            "clearly"
          ],
          [
            "loaded_language",
            "undeniable"
          ],
          [
            "appeal_to_authority",
            "experts say"
          ]
        ]
      },
      "cbdt": {
        "counts_by_label": {
          "loaded_language": 1,
          "appeal_to_authority": 1
        },
        "findings_total": 2,
        "receipt_path": "docs/audit/pipeline/pipeline_cbdt/20250825-162319/r1.json",
        "receipt_last": "docs/audit/pipeline/pipeline_cbdt/_last/r1.json",
        "signals": [
          "obs_error:none"
        ]
      }
    }
  },
  "perf": {
    "parse_ms": {
      "p50": 0.0026760390028357506,
      "p95": 0.0026760390028357506,
      "max": 0.0026760390028357506,
      "avg": 0.0026760390028357506,
      "n": 1
    },
    "process_ms": {
      "p50": 0.8335019811056554,
      "p95": 0.8335019811056554,
      "max": 0.8335019811056554,
      "avg": 0.8335019811056554,
      "n": 1
    },
    "cbdt_ms": {
      "p50": 0.8123530424199998,
      "p95": 0.8123530424199998,
      "max": 0.8123530424199998,
      "avg": 0.8123530424199998,
      "n": 1
    }
  },
  "obs": {
    "parser_counts": {
      "text": 1
    },
    "cbdt_runs": 1,
    "cbdt_findings_total": 2
  }
}
