{
  "count": 2,
  "reports": {
    "a.txt": {
      "parser": "text",
      "bias": {
        "cbdt": {
          "score": 0.0,
          "notes": "stub"
        }
      }
    },
    "nested/b.txt": {
      "parser": "text",
      "bias": {
        "cbdt": {
          "score": 0.0,
          "notes": "stub"
        }
      }
    }
  },
  "perf": {
    "parse_ms": {
      "p50": 0.002820015652105212,
      "p95": 0.003275388735346496,
      "max": 0.0033259857445955276,
      "avg": 0.002820015652105212,
      "n": 2
    },
    "process_ms": {
      "p50": 0.0005114998202770948,
      "p95": 0.0006289774319157004,
      "max": 0.0006420304998755455,
      "avg": 0.0005114998202770948,
      "n": 2
    }
  },
  "obs": {
    "parser_counts": {
      "text": 2
    }
  }
}
