{
  "count": 2,
  "reports": {
    "a.txt": {
      "parser": "text",
      "bias": {
        "counts": {},
        "hits": []
      }
    },
    "b.txt": {
      "parser": "text",
      "bias": {
        "counts": {},
        "hits": []
      }
    }
  },
  "perf": {
    "parse_ms": {
      "p50": 0.0034514814615249634,
      "p95": 0.004123343387618661,
      "max": 0.004197994712740183,
      "avg": 0.0034514814615249634,
      "n": 2
    },
    "process_ms": {
      "p50": 0.009312003385275602,
      "p95": 0.0114171183668077,
      "max": 0.011651020031422377,
      "avg": 0.009312003385275602,
      "n": 2
    }
  },
  "obs": {
    "parser_counts": {
      "text": 2
    },
    "cbdt_runs": 0,
    "cbdt_findings_total": 0
  }
}
