{
  "count": 2,
  "reports": {
    "a.txt": {
      "parser": "text",
      "bias": {
        "counts": {},
        "hits": [],
        "cbdt": {
          "score": 0.0,
          "labels": []
        }
      }
    },
    "b.txt": {
      "parser": "text",
      "bias": {
        "counts": {},
        "hits": [],
        "cbdt": {
          "score": 0.0,
          "labels": []
        }
      }
    }
  },
  "perf": {
    "parse_ms": {
      "p50": 0.003216002369299531,
      "p95": 0.003711870522238314,
      "max": 0.0037669669836759567,
      "avg": 0.003216002369299531,
      "n": 2
    },
    "process_ms": {
      "p50": 0.012528500519692898,
      "p95": 0.016311672516167164,
      "max": 0.01673202496021986,
      "avg": 0.012528500519692898,
      "n": 2
    }
  },
  "obs": {
    "parser_counts": {
      "text": 2
    },
    "cbdt_runs": 0,
    "cbdt_findings_total": 0
  }
}
