{
  "count": 2,
  "reports": {
    "a.txt": {
      "parser": "text",
      "bias": {
        "cbdt": {
          "score": 0.0,
          "notes": "stub"
        }
      }
    },
    "nested/b.txt": {
      "parser": "text",
      "bias": {
        "cbdt": {
          "score": 0.0,
          "notes": "stub"
        }
      }
    }
  },
  "perf": {
    "parse_ms": {
      "p50": 0.0030810188036412,
      "p95": 0.0036264449590817094,
      "max": 0.003687047865241766,
      "avg": 0.0030810188036412,
      "n": 2
    },
    "process_ms": {
      "p50": 0.0004954927135258913,
      "p95": 0.000590443960390985,
      "max": 0.000600994098931551,
      "avg": 0.0004954927135258913,
      "n": 2
    }
  },
  "obs": {
    "parser_counts": {
      "text": 2
    }
  }
}
