{
  "count": 2,
  "reports": {
    "a.txt": {
      "parser": "text",
      "bias": {
        "cbdt": {
          "score": 0.0,
          "notes": "stub"
        }
      }
    },
    "b.txt": {
      "parser": "text",
      "bias": {
        "cbdt": {
          "score": 0.0,
          "notes": "stub"
        }
      }
    }
  },
  "perf": {
    "parse_ms": {
      "p50": 0.003326509613543749,
      "p95": 0.003795843804255128,
      "max": 0.0038479920476675034,
      "avg": 0.003326509613543749,
      "n": 2
    },
    "process_ms": {
      "p50": 0.0010069925338029861,
      "p95": 0.0014894234482198954,
      "max": 0.0015430268831551075,
      "avg": 0.0010069925338029861,
      "n": 2
    }
  },
  "obs": {
    "parser_counts": {
      "text": 2
    }
  }
}
