{
  "micro": {
    "P": 0.8156950672642083,
    "R": 0.514568599716969,
    "F1": 0.6310494357786541,
    "tp": 1819,
    "fp": 411,
    "fn": 1716
  }
}