{
  "status": "ok",
  "device": "cuda",
  "model": "biobert-base-cased-v1.1",
  "token_micro": {
    "P": 0.0,
    "R": 0.0,
    "F1": 0.0
  },
  "entity_micro": {
    "P": 0.8156950672642083,
    "R": 0.514568599716969,
    "F1": 0.6310494357786541,
    "tp": 1819,
    "fp": 411,
    "fn": 1716
  },
  "train_runtime_sec": 13.2219
}