{
  "count": 2,
  "reports": {
    "a.txt": {
      "parser": "text",
      "bias": {
        "cbdt": {
          "score": 0.0,
          "notes": "stub"
        }
      }
    },
    "nested/b.txt": {
      "parser": "text",
      "bias": {
        "cbdt": {
          "score": 0.0,
          "notes": "stub"
        }
      }
    }
  },
  "perf": {
    "parse_ms": {
      "p50": 0.003597000613808632,
      "p95": 0.0041469058487564325,
      "max": 0.004208006430417299,
      "avg": 0.003597000613808632,
      "n": 2
    },
    "process_ms": {
      "p50": 0.000475527485832572,
      "p95": 0.0005074572982266545,
      "max": 0.0005110050551593304,
      "avg": 0.000475527485832572,
      "n": 2
    }
  },
  "obs": {
    "parser_counts": {
      "text": 2
    }
  }
}
